store,address,phone,address2,_GC_TYPE,_CLEANADDR,_PNU,_X,_Y
차병원점,서울시 강남구 논현로 566 강남차병원1층,02-538-7615,서울특별시 강남구 논현로 566 강남차병원1층,정,서울특별시 강남구 논현로 566 (역삼동),1168010100106500009,127.03473811283061,37.50703961314565
강남대로점,서울시 서초구 강남대로 369 1층,02-588-5778,서울특별시 서초구 강남대로 369 1층,정,서울특별시 서초구 강남대로 369 (서초동),1165010800113280003,127.02820816295831,37.49567407019134
신사점,서울시 강남구 도산대로 126,02-548-2741,서울특별시 강남구 도산대로 126,정,서울특별시 강남구 도산대로 126 (논현동),1168010800100040002,127.02240959317812,37.51696625733457
역삼점,"서울시 강남구 논현로 512  지상1,2층",02-569-8051,"서울특별시 강남구 논현로 512 지상1,2층",정,서울특별시 강남구 논현로 512 (역삼동),1168010100106680017,127.03652127879646,37.50234990298033
청담에스점,"서울시 강남구 압구정로 461 네이처포엠빌딩B108,109호",02-548-6052,"서울특별시 강남구 압구정로 461 네이처포엠빌딩B108,109호",정,서울특별시 강남구 압구정로 461 (청담동),1168010400101180017,127.04723314375501,37.5252497901454
양재스포타임점,서울시 서초구 강남대로 213 24호 지하1층,02-578-6833,서울특별시 서초구 강남대로 213 24호 지하1층,정,서울특별시 서초구 강남대로 213 (양재동),1165010200100240000,127.03490600102366,37.482727476919436
청담성당점,서울시 강남구 삼성로 716 LEE76빌딩2층,02-542-2053,서울특별시 강남구 삼성로 716 LEE76빌딩2층,정,서울특별시 강남구 삼성로 716 (청담동),1168010400100760000,127.05002409627461,37.51990947521295
영동점,서울 서초구 반포동 736-17 P빌딩 2층,02-3443-2096,서울특별시 서초구 반포동 736-17 P빌딩 2층,정,서울특별시 서초구 반포동 736-17,1165010700107360017,127.02279287358077,37.50679183531405
영동고앞점,"서울시 강남구 선릉로 749 1,2층",02-544-3794,"서울특별시 강남구 선릉로 749 1,2층",유,서울특별시 강남구 선릉로 749 (논현동),1168010800101010024,127.039453736855,37.52148771665884
도곡점,"서울시 강남구 언주로 30길 10,112 현대비젼21 112호",02-572-2781,"서울특별시 강남구 언주로 30길 10,112 현대비젼21 112호",유,서울특별시 강남구 언주로30길 10 (도곡동),1168011800104670019,127.05155363011512,37.487339435701706
압구정시티점,"서울시 강남구 도산대로49길 13 1층 17,18호",02-543-5922,"서울특별시 강남구 도산대로49길 13 1층 17,18호",정,서울특별시 강남구 도산대로49길 13 (신사동),1168010700106480012,127.03708376881623,37.523756360569294
삼성오크우드점,서울 강남구 테헤란로87길 46 지하 2층,02-3466-8507,서울특별시 강남구 테헤란로87길 46 지하 2층,정,서울특별시 강남구 테헤란로87길 46 (삼성동),1168010500101590000,127.0582055731211,37.51098245072797
서초우성점,서울시 서초구 강남대로 51길 1 511 TOWER  1층,02-582-0158,서울특별시 서초구 강남대로 51길 1 511 TOWER 1층,유,서울특별시 서초구 강남대로51길 1 (서초동),1165010800113380011,127.03026258079018,37.491287912705786
트레이드타워점,서울시 강남구 영동대로 511 트레이드타워 지하1층,02-803-9994,서울특별시 강남구 영동대로 511 트레이드타워 지하1층,정,서울특별시 강남구 영동대로 511 (삼성동),1168010500101590001,127.06099979973578,37.510321267700924
논현팍스타워점,서울시 강남구 논현 231-13호 팍스타워지하1층,02-513-3870,서울특별시 강남구 논현 231-13호 팍스타워지하1층,정,서울특별시 강남구 논현동 231,1168010800102310000,127.0359642205284,37.510047131468134
서초지파이브점,"서울시 서초구 서초동 1685-8호 101~2호,113~4호,121호",02-3477-5580,"서울특별시 서초구 서초동 1685-8호 101~2호,113~4호,121호",정,서울특별시 서초구 서초동 1685,1165010800116850000,127.01560090851564,37.4987295970457
삼성봉은사거리점,"서울시 강남구 영동대로 607 1,2층",02-3443-5618,"서울특별시 강남구 영동대로 607 1,2층",유,서울특별시 강남구 영동대로 607 (삼성동),1168010500100770011,127.05948692536901,37.514548646463794
잠실신천점,서울시 송파구 석촌호수로 118 1층,02-416-9520,서울특별시 송파구 석촌호수로 118 1층,정,서울특별시 송파구 석촌호수로 118 (잠실동),1171010100102420009,127.0900350975532,37.50744047150724
논현동수면센터점,서울시 강남구 논현로 717 1층,02-3443-5575,서울특별시 강남구 논현로 717 1층,정,서울특별시 강남구 논현로 717 (논현동),1168010800100340021,127.02953682338341,37.51596129087994
삼성전자강남사옥점,서울시 서초구 서초대로74길 11 지하2층,02-2055-1142,서울특별시 서초구 서초대로74길 11 지하2층,정,서울특별시 서초구 서초대로74길 11 (서초동),1165010800113200010,127.02694186106164,37.49657302976404
삼성생명강남사옥점,서울시 서초구 서초대로74길 4 삼성생명보험서초타워내지하1층,02-581-5562,서울특별시 서초구 서초대로74길 4 삼성생명보험서초타워내지하1층,정,서울특별시 서초구 서초대로74길 4 (서초동),1165010800113210015,127.02565413698001,37.49680361608399
테헤란로하이닉스뒷점,서울시 강남구 테헤란로 70길 12 1층,02-538-9927,서울특별시 강남구 테헤란로 70길 12 1층,정,서울특별시 강남구 테헤란로70길 12 (대치동),1168010600108900060,127.05315771409961,37.5047422302738
삼성봉은사로점,서울시 강남구 봉은사로 628 엘슨빌딩1층,02-538-4523,서울특별시 강남구 봉은사로 628 엘슨빌딩1층,정,서울특별시 강남구 봉은사로 628 (삼성동),1168010500101620002,127.0641641421308,37.5146701999603
방배카페골목점,서울특별시 서초구 방배중앙로 187,02-592-7794,서울특별시 서초구 방배중앙로 187,정,서울특별시 서초구 방배중앙로 187 (방배동),1165010100107610006,126.98551882887102,37.495718223364975
역삼포스틸타워뒷점,서울시 강남구 테헤란로 20길 10 쓰리엠타워1층,02-554-9962,서울특별시 강남구 테헤란로 20길 10 쓰리엠타워1층,정,서울특별시 강남구 테헤란로20길 10 (역삼동),1168010100107350032,127.03414212235208,37.49908773799254
남부터미널역점,서울시 서초구 서초중앙로 43 로얄타워1층,02-523-3671,서울특별시 서초구 서초중앙로 43 로얄타워1층,정,서울특별시 서초구 서초중앙로 43 (서초동),1165010800116020005,127.0155830852542,37.48553764327178
매봉역점,서울시 강남구 논현로 38길 42 418호,02-529-9947,서울특별시 강남구 논현로 38길 42 418호,정,서울특별시 강남구 논현로38길 42 (도곡동),1168011800104180000,127.04503830489378,37.48557108263978
방이점,서울시 송파구 오금로 11길 7,02-415-5561,서울특별시 송파구 오금로 11길 7,정,서울특별시 송파구 오금로11길 7 (방이동),1171011100100240003,127.10796605813547,37.514557394769845
강남역랭기지타워점,서울시 강남구 테헤란로4길 28 826-28호 1층,02-563-3655,서울특별시 강남구 테헤란로4길 28 826-28호 1층,유,서울특별시 강남구 테헤란로4길 28 (역삼동),1168010100108260028,127.0300995957287,37.49652654445149
순화점,서울시 중구 순화202  1-94 프레이저플레이스레지던스1층,02-2220-8198,서울특별시 중구 순화202 1-94 프레이저플레이스레지던스1층,유,서울특별시 중구 순화동 204-2,1114016800102040002,126.97219753521178,37.55952199350004
도심공항타워점,서울시 강남구 테헤란로87길 36 공항타워 1층,02-2016-5330,서울특별시 강남구 테헤란로87길 36 공항타워 1층,정,서울특별시 강남구 테헤란로87길 36 (삼성동),1168010500101590000,127.05859694754976,37.51023309709225
광화문점,서울 종로구 서린동 136 센트리얼빌딩 1층,02-3210-2326,서울특별시 종로구 서린동 136 센트리얼빌딩 1층,정,서울특별시 종로구 서린동 136,1111012300101360000,126.97886233636281,37.56976232090898
청담카페점,"서울시 강남구 도산대로 67길 7,파크빌딩 1층",02-514-5622,"서울특별시 강남구 도산대로 67길 7,파크빌딩 1층",정,서울특별시 강남구 도산대로67길 7 (청담동),1168010400100920012,127.04439462669805,37.52449099400458
홍대역점,서울시 마포구 홍익로 6길 26,02-333-4278,서울특별시 마포구 홍익로 6길 26,정,서울특별시 마포구 홍익로6길 26 (동교동),1144012100101630012,126.92326196901304,37.55547186421205
경희궁의아침점,서울시 종로구 새문안로3길 23 경희궁아침상가4단지105외,02-730-8896,서울특별시 종로구 새문안로3길 23 경희궁아침상가4단지105외,정,서울특별시 종로구 새문안로3길 23 (내수동),1111011800100730000,126.97244086533242,37.57263259172954
강변테크노마트점,서울시 광진구 광나루로56길 85 테크노마트9층35호,02-3424-5480,서울특별시 광진구 광나루로56길 85 테크노마트9층35호,정,서울특별시 광진구 광나루로56길 85 (구의동),1121510300105460004,127.09574341323913,37.5356547963703
소공동삼화빌딩점,서울 중구 남대문로7길 16 한컴빌딩 1층,02-753-8004,서울특별시 중구 남대문로7길 16 한컴빌딩 1층,정,서울특별시 중구 남대문로7길 16 (소공동),1114011100100210001,126.98116394422998,37.56416829544853
신촌점,서울시 서대문구 창천 18-26호 B1,02-363-5572,서울특별시 서대문구 창천 18-26호 B1,유,서울특별시 서대문구 창천동 18-1,1141011600100180001,126.93753788679655,37.55739324476007
종로관철동점,"서울시 종로구 청계천로 83 11-4호 지하1,지상1~3층",02-738-5333,"서울특별시 종로구 청계천로 83 11-4호 지하1,지상1~3층",유,서울특별시 종로구 청계천로 83 (관철동),1111013500100110004,126.98672817174987,37.56847626882576
외대앞점,서울시 동대문구 이문로 106 1~3층,02-959-7750,서울특별시 동대문구 이문로 106 1~3층,유,서울특별시 동대문구 이문로 106 (이문동),1123011000102880094,127.0602178868052,37.59606911062929
순화동라마다호텔점,서울시 중구 칠패로 27 151호,02-3789-3347,서울특별시 중구 칠패로 27 151호,정,서울특별시 중구 칠패로 27 (순화동),1114016800101510000,126.97199102532078,37.56030583998443
중계동은행사거리점,서울시 노원구 한글비석로 263 1층,02-931-3055,서울특별시 노원구 한글비석로 263 1층,정,서울특별시 노원구 한글비석로 263 (중계동),1135010600103590011,127.07646799584397,37.65118301183012
고대안암역점,서울시 성북구 개운사길8 101-3 1층,02-953-6652,서울특별시 성북구 개운사길8 101-3 1층,유,서울특별시 성북구 개운사길 8 (안암동5가),1129012500101010003,127.0295370311495,37.58673136566221
건대스타시티점,서울시 광진구 자양동 227-342호 롯데백화점 옆 더클래식500건물 1층,02-444-9861,서울특별시 광진구 자양동 227-342호 롯데백화점 옆 더클래식500건물 1층,유,서울특별시 광진구 자양동 227-1,1121510500102270001,127.07683193296681,37.53787416864046
하나은행경복궁역점,"서울시 종로구 사직로 130,1 현대적선빌딩1층",02-733-5108,"서울특별시 종로구 사직로 130,1 현대적선빌딩1층",유,서울특별시 종로구 사직로 130 (적선동),1111010700100810001,126.97281382877904,37.575896291044714
부산광복동점,부산광역시 중구 창선동 2가 8-2,051-243-9105,부산광역시 중구 창선동 2가 8-2,정,부산광역시 중구 창선동2가 8-2,2611013200100080002,129.0289902993198,35.099433440609545
목동점,서울시 양천구 목동동로 293 현대41타워1층,02-2654-5981,서울특별시 양천구 목동동로 293 현대41타워1층,정,서울특별시 양천구 목동동로 293 (목동),1147010200109170009,126.87575457785361,37.52817201867787
서울스퀘어점,서울시 중구 한강대로 416 지하1층,02-6456-8907,서울특별시 중구 한강대로 416 지하1층,정,서울특별시 중구 한강대로 416 (남대문로5가),1114011800105410000,126.97376283576268,37.55552006097673
여의도34번지점,서울 영등포구 국제금융로 52 심팩빌딩 1층,02-557-0510,서울특별시 영등포구 국제금융로 52 심팩빌딩 1층,정,서울특별시 영등포구 국제금융로 52 (여의도동),1156011000100340001,126.92950407303441,37.52272763815878
여의도교보증권점,서울시 영등포구 의사당대로 97 26-4 교보증권빌딩1층,02-783-6058,서울특별시 영등포구 의사당대로 97 26-4 교보증권빌딩1층,유,서울특별시 영등포구 의사당대로 97-2 (여의도동),1156011000100020006,126.92444765865982,37.52210487174765
여의도순복음교회옆점,서울시 영등포구 여의서로 43 한서리버파크2층,02-780-7758,서울특별시 영등포구 여의서로 43 한서리버파크2층,정,서울특별시 영등포구 여의서로 43 (여의도동),1156011000100110011,126.9249207678098,37.53070615932066
무교CBTL점,서울 중구 세종대로 136 파이낸스빌딩 지하2층,070-4140-7003,서울특별시 중구 세종대로 136 파이낸스빌딩 지하2층,정,서울특별시 중구 세종대로 136 (태평로1가),1114010300100840000,126.97828394815296,37.56841437177363
분당플라자점,경기도 성남시 분당구 황새울로 326 서현빌딩상가내2층,031-705-3188,경기도 성남시 분당구 황새울로 326 서현빌딩상가내2층,정,경기도 성남시 분당구 황새울로 326 (서현동),4113510500102700001,127.12186627386548,37.38512934035877
분당서현점,"경기도 성남시 분당구 분당로53번길 11 1층2,3호",031-705-8926,"경기도 성남시 분당구 분당로53번길 11 1층2,3호",정,경기도 성남시 분당구 분당로53번길 11 (서현동),4113510500102690005,127.12155207247231,37.3840685472974
일산웨스턴돔1호점,경기도 고양시 일산동구 정발산로 24 I동103~203호,031-931-5573,경기도 고양시 일산동구 정발산로 24 I동103~203호,정,경기도 고양시 일산동구 정발산로 24 (장항동),4128510400108680000,126.77272593965958,37.65476968065447
대전탄방동점,대전시 서구 문정로76 1층,042-471-9805,대전광역시 서구 문정로76 1층,정,대전광역시 서구 문정로 76 (탄방동),3017010600107470000,127.38769114878912,36.34641499090165
동탄라마다호텔점,경기도 화성시 노작로 199 동탄라마다호텔107호~111호,031-8003-8374,경기도 화성시 노작로 199 동탄라마다호텔107호~111호,정,경기도 화성시 노작로 199 (반송동),4159012700100900003,127.0746789240899,37.20583964492728
분당수내점,경기도 성남시 분당구 황새울로 214번길8 MSPlaza내1층,031-713-9937,경기도 성남시 분당구 황새울로 214번길8 MSPlaza내1층,정,경기도 성남시 분당구 황새울로214번길 8 (수내동),4113510200100210001,127.11232568039814,37.378120513404845
분당차병원점,"경기도 성남시 분당구 야탑로65번길 16, 분당차병원 신관동 1층 101호(야탑동)",031-781-0471,"경기도 성남시 분당구 야탑로65번길 16, 분당차병원 신관동 1층 101호(야탑동)",정,경기도 성남시 분당구 야탑로65번길 16 (야탑동),4113510700103540001,127.12636027132253,37.41101048091089
대학로마로니에점,"서울시 종로구 대학로 12길 62 지하1층,지상1,2층",02-742-3318,"서울특별시 종로구 대학로 12길 62 지하1층,지상1,2층",정,서울특별시 종로구 대학로12길 62 (동숭동),1111016800100010095,127.00372105119072,37.581406212290176
디큐브시티점,서울시 구로구 경인로 662 디큐브시티 4층,02-2210-9484,서울특별시 구로구 경인로 662 디큐브시티 4층,정,서울특별시 구로구 경인로 662 (신도림동),1153010100106920000,126.88925698922523,37.508845568793326
남대문점,서울시 중구 후암로110 581호 서울시티타워1층,02-777-4217,서울특별시 중구 후암로110 581호 서울시티타워1층,정,서울특별시 중구 후암로 110 (남대문로5가),1114011800105810000,126.97405633740533,37.5543203646631
청주지웰시티점,"충북 청주시 흥덕구 대농로 17 지웰시티몰 1층 124-1,125,126호",043-238-3151,"충청북도 청주시 흥덕구 대농로 17 지웰시티몰 1층 124-1,125,126호",정,충청북도 청주시 흥덕구 대농로 17 (복대동),4311311400133790000,127.42418681661911,36.64526786443392
서울대입구역점,"서울시 관악구 관악로 161 층일부 2,3층",02-882-3101,"서울특별시 관악구 관악로 161 층일부 2,3층",정,서울특별시 관악구 관악로 161 (봉천동),1162010100108630013,126.95218405627111,37.47960827311408
국기원사거리점,서울시 강남구 테헤란로 8길 42 1층,02-552-7106,서울특별시 강남구 테헤란로 8길 42 1층,정,서울특별시 강남구 테헤란로8길 42 (역삼동),1168010100108270065,127.03217418723618,37.49616822633509
테헤란로비젼타워점,서울시 강남구 테헤란로 312 707-2번지1층,02-558-7101,서울특별시 강남구 테헤란로 312 707-2번지1층,유,서울특별시 강남구 테헤란로 312 (역삼동),1168010100107070002,127.04503372715884,37.502964466593724
인사점,서울시 종로구 낙원동 272 오라카이스위츠 1층,02-783-2043,서울특별시 종로구 낙원동 272 오라카이스위츠 1층,정,서울특별시 종로구 낙원동 272,1111013700102720000,126.98734270569072,37.57304685581588
삼성로점,"서울시 강남구 삼성로 551 1층,2층",02-552-9311,"서울특별시 강남구 삼성로 551 1층,2층",정,서울특별시 강남구 삼성로 551 (삼성동),1168010500101200013,127.05415057511014,37.51071161669872
무교점,"서울시 중구 태평로1 84호 SFC빌딩B1,1-4",02-753-2374,"서울특별시 중구 태평로1 84호 SFC빌딩B1,1-4",대,서울특별시 중구,1114000000000000000,126.99298333010267,37.557866613822455
마리오아울렛점,서울시 금천구 디지털로9길 23 마리오-2관 패션타워3층,02-857-5501,서울특별시 금천구 디지털로9길 23 마리오-2관 패션타워3층,정,서울특별시 금천구 디지털로9길 23 (가산동),1154510100100600052,126.88650141861888,37.47872750955111
강남역먹자골목점,서울시 강남구 테헤란로1길 29 1층일부 및 2.3층,02-552-6311,서울특별시 강남구 테헤란로1길 29 1층일부 및 2.3층,정,서울특별시 강남구 테헤란로1길 29 (역삼동),1168010100108160006,127.02729181991376,37.50011508138292
창원상남동점,경남 창원시 성산구 중앙대로 104 마이우스오피스텔 123호 207호,055-211-0737,경상남도 창원시 성산구 중앙대로 104 마이우스오피스텔 123호 207호,정,경상남도 창원시 성산구 중앙대로 104 (상남동),4812312700100780003,128.68093017235503,35.22347323533693
뉴압구정점,서울시 강남구 논현로 167길 9 낙산프라자 1층,02-545-3181,서울특별시 강남구 논현로 167길 9 낙산프라자 1층,정,서울특별시 강남구 논현로167길 9 (신사동),1168010700105700012,127.02742806733231,37.52440210023841
안국역점,"서울시 종로구 율곡로 47 1,2층",02-722-3356,"서울특별시 종로구 율곡로 47 1,2층",유,서울특별시 종로구 율곡로 47 (안국동),1111014100101630000,126.98458775537813,37.5763388699383
뉴교보타워옆점,"서울시 서초구 강남대로 449-3 알고코리아빌딩 1,2층",02-591-5177,"서울특별시 서초구 강남대로 449-3 알고코리아빌딩 1,2층",정,서울특별시 서초구 강남대로 449-3 (서초동),1165010800113040000,127.02488012974307,37.50235452841711
선릉로86길점,서울시 강남구 선릉로86길 11,02-2051-8875,서울특별시 강남구 선릉로86길 11,정,서울특별시 강남구 선릉로86길 11 (대치동),1168010600108890074,127.05058691656247,37.503404937225
현대자동차여의도점,서울시 영등포구 국제금융로 20 1층,02-783-3391,서울특별시 영등포구 국제금융로 20 1층,정,서울특별시 영등포구 국제금융로 20 (여의도동),1156011000100240001,126.92729734506698,37.5248884349813
선릉로93길점,서울시 강남구 선릉로93길 6(역삼동) 1층,02-552-3177,서울특별시 강남구 선릉로93길 6(역삼동) 1층,정,서울특별시 강남구 선릉로93길 6 (역삼동),1168010100106960042,127.04789990592155,37.505685074151906
역삼역4번출구점,서울시 강남구 테헤란로143 고운빌딩1층,02-508-1137,서울특별시 강남구 테헤란로143 고운빌딩1층,정,서울특별시 강남구 테헤란로 143 (역삼동),1168010100106460018,127.0349072578858,37.50059283355217
코엑스인터점,서울시 강남구 봉은사로 524 코엑스 인터컨티넨탈아케이드,02-569-3103,서울특별시 강남구 봉은사로 524 코엑스 인터컨티넨탈아케이드,정,서울특별시 강남구 봉은사로 524 (삼성동),1168010500101590000,127.05711615238548,37.5129526305153
현대자동차성내점,"서울시 강동구 천호대로 1096 1,2F",02-485-3361,"서울특별시 강동구 천호대로 1096 1,2F",유,서울특별시 강동구 천호대로 1096 (성내동),1174010800101920003,127.13324965237065,37.5352213929117
수원인계점,경기도 수원시 팔달구 권광로 195 학산빌딩1층,031-233-5631,경기도 수원시 팔달구 권광로 195 학산빌딩1층,정,경기도 수원시 팔달구 권광로 195 (인계동),4111514100110380004,127.03268782912568,37.26496108417198
상암SBS미디어센터점,서울시 마포구 상암산로 82 SBS프리즘타워 1층,02-2039-9027,서울특별시 마포구 상암산로 82 SBS프리즘타워 1층,정,서울특별시 마포구 상암산로 82 (상암동),1144012700116070001,126.89277394675159,37.57971592230447
서초뱅뱅사거리점,"서울시 서초구 강남대로 267 2,3층",02-523-8841,"서울특별시 서초구 강남대로 267 2,3층",유,서울특별시 서초구 강남대로 267 (서초동),1165010800113610001,127.03233409153884,37.48716484737309
판교아브뉴프랑점,경기도 성남시 분당구 동판교로177번길 25,031-8016-8131,경기도 성남시 분당구 동판교로177번길 25,정,경기도 성남시 분당구 동판교로177번길 25 (삼평동),4113510900107400000,127.11356829671982,37.39732111991319
남양연구소C1식당점,경기 화성시 장덕동 현대연구소로150 현대자동차남양연구소 C1구역식당1F,031-357-8172,경기도 화성시 장덕동 현대연구소로150 현대자동차남양연구소 C1구역식당1F,정,경기도 화성시 현대연구소로 150 (남양읍),4159026223107720001,126.81523265628222,37.15853615738945
현대자동차남양연구소점,경기도 화성시 장덕동 현대연구소로150 현대자동차남양연구소 설계1동1F,031-357-8103,경기도 화성시 장덕동 현대연구소로150 현대자동차남양연구소 설계1동1F,정,경기도 화성시 현대연구소로 150 (남양읍),4159026223107720001,126.81523265628222,37.15853615738945
일산원마운트점,경기도 고양시 일산서구 한류월드로 300 원마운트스포츠몰 1층,031-961-6520,경기도 고양시 일산서구 한류월드로 300 원마운트스포츠몰 1층,정,경기도 고양시 일산서구 한류월드로 300 (대화동),4128710400126060000,126.75452297271285,37.66454489028992
구로G-ValleyMall,서울시 구로구 디지털로300 지밸리비즈플라자 2층,02-6344-3966,서울특별시 구로구 디지털로300 지밸리비즈플라자 2층,정,서울특별시 구로구 디지털로 300 (구로동),1153010200101880025,126.89644393000172,37.484954629108074
IFC MALL2호점,서울시 영등포구 국제금융로10 IFC Mall L2,02-6137-5054,서울특별시 영등포구 국제금융로10 IFC Mall L2,정,서울특별시 영등포구 국제금융로 10 (여의도동),1156011000100230000,126.92593688056672,37.52505839670233
압구정현대아파트점,서울시 강남구 압구정로29길65 지하1층,02-518-3350,서울특별시 강남구 압구정로29길65 지하1층,정,서울특별시 강남구 압구정로29길 65 (압구정동),1168011000104420000,127.02700144529865,37.53180776151517
내방역7번출구유중아트점,서울시 서초구 방배로178 유중아트센터1층,02-592-8861,서울특별시 서초구 방배로178 유중아트센터1층,정,서울특별시 서초구 방배로 178 (방배동),1165010100108510004,126.99283058630812,37.48955184276402
강남대로센터점,서울시 강남구 강남대로442 흥국화재빌딩 2층,02-565-3345,서울특별시 강남구 강남대로442 흥국화재빌딩 2층,정,서울특별시 강남구 강남대로 442 (역삼동),1168010100108140005,127.02606962987363,37.5020859290649
남양연구소PT동점,경기도 화성시 장덕동 현대연구소로150 현대자동차남양연구소 PT동 1층,031-355-1346,경기도 화성시 장덕동 현대연구소로150 현대자동차남양연구소 PT동 1층,정,경기도 화성시 현대연구소로 150 (남양읍),4159026223107720001,126.81523265628222,37.15853615738945
도심공항점,서울시 강남구 테헤란로87길22 도심공항터미널 지하1층,02-551-6456,서울특별시 강남구 테헤란로87길22 도심공항터미널 지하1층,정,서울특별시 강남구 테헤란로87길 22 (삼성동),1168010500101590006,127.0594435024982,37.509632057307705
차병원사거리점,서울시 강남구 봉은사로207 KJ타워1층,02-542-8813,서울특별시 강남구 봉은사로207 KJ타워1층,정,서울특별시 강남구 봉은사로 207 (논현동),1168010800102340025,127.03467005249816,37.507851106178876
이태원제일기획옆점,서울시 용산구 이태원로220(한남동) 1층,02-792-3560,서울특별시 용산구 이태원로220(한남동) 1층,정,서울특별시 용산구 이태원로 220 (한남동),1117013100107360015,126.99848096264465,37.53481529818851
광화문역1번출구점,서울시 종로구 새문안로5가길 7 1층 일부,02-723-3360,서울특별시 종로구 새문안로5가길 7 1층 일부,정,서울특별시 종로구 새문안로5가길 7 (내수동),1111011800100010000,126.97406661417024,37.57273403355782
부평문화의거리점,"인천광역시 부평구 시장로29 1,2층",032-507-9901,"인천광역시 부평구 시장로29 1,2층",유,인천광역시 부평구 시장로 29 (부평동),2823710100101920015,126.72561187972902,37.49366754848921
타임스퀘어점,서울시 영등포구 영중로15 타임스퀘어 1층,02-2635-8830,서울특별시 영등포구 영중로15 타임스퀘어 1층,정,서울특별시 영등포구 영중로 15 (영등포동4가),1156010500104420000,126.90364413852514,37.51719606034781
광교아브뉴프랑점,"경기도 수원시 영통구 이의동 1332 광교아브뉴프랑 1층 A122,123호",031-216-9308,"경기도 수원시 영통구 이의동 1332 광교아브뉴프랑 1층 A122,123호",정,경기도 수원시 영통구 이의동 1332,4111710300113320000,127.05052669849671,37.29066088461458
여의도교보증권카페점,서울시 영등포구 의사당대로 97 교보증권빌딩 2층,02-785-8845,서울특별시 영등포구 의사당대로 97 교보증권빌딩 2층,정,서울특별시 영등포구 의사당대로 97 (여의도동),1156011000100260004,126.9245858785891,37.522516003127116
강남역GT타워옆점,서울시 서초구 서초대로73길12 세계빌딩1층,02-592-0053,서울특별시 서초구 서초대로73길12 세계빌딩1층,정,서울특별시 서초구 서초대로73길 12 (서초동),1165010800113170031,127.02573445134225,37.49856061907705
이천하이닉스점,경기 이천시 부발읍 하이닉스반도체,031-8094-7013,경기도 이천시 부발읍 하이닉스반도체,대,경기도 이천시 부발읍,4150025300000000000,127.49684544683701,37.2700625764479
석촌호수점,서울시 송파구 석촌호수로 222 제이타워 1층,02-415-1235,서울특별시 송파구 석촌호수로 222 제이타워 1층,정,서울특별시 송파구 석촌호수로 222 (석촌동),1171010500101580011,127.10156081699121,37.507048029177916
여의도신영증권별관점,서울시 영등포구 국제금융로8길6 신영증권별관빌딩2층,02-782-1125,서울특별시 영등포구 국제금융로8길6 신영증권별관빌딩2층,정,서울특별시 영등포구 국제금융로8길 6 (여의도동),1156011000100340012,126.92969743657157,37.521808561505914
신천역점,서울시 송파구 올림픽로100 효창타워1층,02-417-8851,서울특별시 송파구 올림픽로100 효창타워1층,정,서울특별시 송파구 올림픽로 100 (잠실동),1171010100101810003,127.08168910320325,37.51141563278483
인천공항탑승동105gate앞점,인천광역시 중구 공항로272 인천국제공항탑승동3층 FB-C5-68,032-743-7223,인천광역시 중구 공항로272 인천국제공항탑승동3층 FB-C5-68,정,인천광역시 중구 공항로 272 (운서동),2811014700128400000,126.45200471725194,37.44978411824439
올림픽공원북2문앞점,서울시 강동구 강동대로193 1층,02-471-2372,서울특별시 강동구 강동대로193 1층,정,서울특별시 강동구 강동대로 193 (성내동),1174010800104480001,127.1280149384601,37.52456630199367
광장동대한제지점,서울시 광진구 아차산로563(광장동) 대한제지빌딩 로비층,02-458-8166,서울특별시 광진구 아차산로563(광장동) 대한제지빌딩 로비층,정,서울특별시 광진구 아차산로 563 (광장동),1121510400104450005,127.10291231209277,37.54410507914015
연대동문회관점,"서울시 서대문구 대신동 50-5 1층,2층(B동)",02-362-8301,"서울특별시 서대문구 대신동 50-5 1층,2층(B동)",정,서울특별시 서대문구 대신동 50-5,1141011300100500005,126.94326702172846,37.56310740173134
파르나스몰점,서울시 강남구 테헤란로521 파르나스몰 지하1층,02-538-2008,서울특별시 강남구 테헤란로521 파르나스몰 지하1층,정,서울특별시 강남구 테헤란로 521 (삼성동),1168010500101590008,127.06062880636145,37.50917454343461
현대프리미엄아울렛김포점,경기도 김포시 고촌읍 아라육로 152번길 100 현대프리미엄아울렛 WEST 3층 618호,031-8048-2618,경기도 김포시 고촌읍 아라육로 152번길 100 현대프리미엄아울렛 WEST 3층 618호,정,경기도 김포시 아라육로152번길 100 (고촌읍),4157025325106540000,126.78558911414908,37.59949880007813
을지로입구역점,"서울시 중구 남대문로10길 6 1,2층",02-752-3348,"서울특별시 중구 남대문로10길 6 1,2층",유,서울특별시 중구 남대문로10길 6 (수하동),1114010800100650001,126.98325409268196,37.56689439153533
송도홈플러스점,인천광역시 연수구 송도국제대로 165(송도동) 홈플러스송도점1층,032-822-5905,인천광역시 연수구 송도국제대로 165(송도동) 홈플러스송도점1층,정,인천광역시 연수구 송도국제대로 165 (송도동),2818510600101680003,126.65634560627485,37.380231862234126
상암한국지역정보개발원점,서울시 마포구 성암로301 KLID한국지역정보개발원 1층,02-376-9162,서울특별시 마포구 성암로301 KLID한국지역정보개발원 1층,정,서울특별시 마포구 성암로 301 (상암동),1144012700115950000,126.88793412219556,37.58242994994013
삼성역글라스타워뒷점,서울시 강남구 영동대로85길 9 (대치동) 서전빌딩1층,02-552-3363,서울특별시 강남구 영동대로85길 9 (대치동) 서전빌딩1층,정,서울특별시 강남구 영동대로85길 9 (대치동),1168010600109470000,127.06288548436736,37.50710321031085
범계역로데오점,경기도 안양시 동안구 평촌대로 223번길 41(호계동 1045-9) 2층,031-476-9082,경기도 안양시 동안구 평촌대로 223번길 41(호계동 1045-9) 2층,정,경기도 안양시 동안구 평촌대로223번길 41 (호계동),4117310400110460009,126.95350912336558,37.39050612659536
산본역점,경기도 군포시 광정로58 1층 104호 및 2층,031-399-8812,경기도 군포시 광정로58 1층 104호 및 2층,정,경기도 군포시 광정로 58 (산본동),4141010400111430003,126.930980780165,37.35850860915476
분당정자점,경기도 성남시 분당구 정자일로 227(정자동) 백궁지엔느주차전용빌딩 1층,031-786-1906,경기도 성남시 분당구 정자일로 227(정자동) 백궁지엔느주차전용빌딩 1층,정,경기도 성남시 분당구 정자일로 227 (정자동),4113510300100120001,127.10560114667705,37.3707199697492
장안점,"서울시 동대문구 장안동 372-1, 1층 일부 및 2층 전체",02-2249-9826,"서울특별시 동대문구 장안동 372-1, 1층 일부 및 2층 전체",정,서울특별시 동대문구 장안동 372-1,1123010600103720001,127.07050110208024,37.5709505382827
인천공항탑승동130gate앞점,인천광역시 중구 공항로272 인천국제공항탑승동3층 FB-C5-57,032-743-7213,인천광역시 중구 공항로272 인천국제공항탑승동3층 FB-C5-57,정,인천광역시 중구 공항로 272 (운서동),2811014700128400000,126.45200471725194,37.44978411824439
강서그랜드아이파크점,서울시 강서구 화곡6동 1095번지 1층,02-2699-7462,서울특별시 강서구 화곡6동 1095번지 1층,정,서울특별시 강서구 화곡동 1095,1150010300110950000,126.85128745192371,37.55489383230685
역삼동태광타워점,서울시 강남구 역삼동 718-20  태광타워 1층,02-569-9867,서울특별시 강남구 역삼동 718-20 태광타워 1층,정,서울특별시 강남구 역삼동 718-20,1168010100107180020,127.03991504557959,37.501016520904265
수원망포역점,경기도 수원시 영통구 영통로 214번길 8 1층,031-273-8751,경기도 수원시 영통구 영통로 214번길 8 1층,정,경기도 수원시 영통구 영통로214번길 8 (영통동),4111710500109760002,127.05757261737683,37.246225116338046
오목교역사거리점,"서울시 양천구 오목로 350 목동썬텍씨티빌딩 1층,2층",02-2653-8577,"서울특별시 양천구 오목로 350 목동썬텍씨티빌딩 1층,2층",정,서울특별시 양천구 오목로 350 (목동),1147010200104040177,126.87624815160815,37.52414187411828
문래동점,서울시 영등포구 문래동6가 5번지 1층,02-2069-3157,서울특별시 영등포구 문래동6가 5번지 1층,정,서울특별시 영등포구 문래동6가 5,1156012400100050000,126.88905318026721,37.51964439938387
매헌역점,서울시 서초구 동산로 1  1층,02-2058-0921,서울특별시 서초구 동산로 1 1층,정,서울특별시 서초구 동산로 1 (양재동),1165010200103260008,127.0401486148909,37.46898667660576
종각역점,서울시 종로구 종로 70 2층,02-739-6268,서울특별시 종로구 종로 70 2층,정,서울특별시 종로구 종로 70 (관철동),1111013500100160005,126.9851723767851,37.56984435423314
포스코옆삼성로86길점,서울특별시 강남구 삼성로86길 11 거봉빌딩 1층,02-569-7501,서울특별시 강남구 삼성로86길 11 거봉빌딩 1층,정,서울특별시 강남구 삼성로86길 11 (대치동),1168010600109420016,127.05830459832147,37.50589610905632
홍대역8번출구점,서울시 마포구 양화로18안길 7 2층,02-338-9463,서울특별시 마포구 양화로18안길 7 2층,정,서울특별시 마포구 양화로18안길 7 (동교동),1144012100101680004,126.9251071149275,37.556838885911986
문정역엠스테이트점,"서울특별시 송파구 법원로 114, 엠스테이트 B동 지하 1층, B145-147",02-6177-9080,"서울특별시 송파구 법원로 114, 엠스테이트 B동 지하 1층, B145-147",정,"서울특별시 송파구 법원로 114, B동 (문정동)",1171010800106430643,127.12087501137718,37.485394790168165
파주운정홈플러스점,경기도 파주시 청암로 17번길 17 1층,031-949-1408,경기도 파주시 청암로 17번길 17 1층,정,경기도 파주시 청암로17번길 17 (목동동),4148011700109270000,126.736804636531,37.72949995119324
원주AK플라자점,강원도 원주시 봉화로1 AK플라자원주점 1층,033-748-0631,강원도 원주시 봉화로1 AK플라자원주점 1층,정,강원특별자치도 원주시 봉화로 1 (단계동),5113011000111230000,127.92764704207175,37.34575493771298
신논현역점,서울특별시 강남구 봉은사로108 글라스톤빌딩1층,02-569-9061,서울특별시 강남구 봉은사로108 글라스톤빌딩1층,정,서울특별시 강남구 봉은사로 108 (역삼동),1168010100106010000,127.02559387851291,37.50453484672572
강남역12번출구점,서울특별시 강남구 테헤란로 111 2층,02-569-5838,서울특별시 강남구 테헤란로 111 2층,정,서울특별시 강남구 테헤란로 111 (역삼동),1168010100108220005,127.02926031840728,37.498914253253496
서초부띠크모나코점,서울특별시 서초구 서초대로 397 부띠크모나코 1층,02-3478-5145,서울특별시 서초구 서초대로 397 부띠크모나코 1층,정,서울특별시 서초구 서초대로 397 (서초동),1165010800113160005,127.02451720967026,37.49746950137688
노원역점,"서울시 노원구 노해로 490, 길빌딩 2층",02-952-9577,"서울특별시 노원구 노해로 490, 길빌딩 2층",정,서울특별시 노원구 노해로 490 (상계동),1135010500107240001,127.06241093320124,37.65440939012043
구의삼성쉐르빌점,서울특별시 광진구 구의강변로 106 삼성쉐르빌 1층,02-2201-8953,서울특별시 광진구 구의강변로 106 삼성쉐르빌 1층,정,서울특별시 광진구 구의강변로 106 (구의동),1121510300101990018,127.09487642513164,37.539876255238646
해운대점,부산시 해운대구 해운대 해변로277 다옴빌딩1층,051-746-8214,부산광역시 해운대구 해운대 해변로277 다옴빌딩1층,정,부산광역시 해운대구 해운대해변로 277 (중동),2635010600114120007,129.161555800114,35.159873728295054
상봉역점,서울특별시 중랑구 망우로 291 1층,02-493-8902,서울특별시 중랑구 망우로 291 1층,정,서울특별시 중랑구 망우로 291 (상봉동),1126010200101000017,127.08479272000685,37.59644923161593
화정중앙공원점,경기도 고양시 덕양구 화신로260번길 26 동민프라자 1층 103~107호,031-979-9402,경기도 고양시 덕양구 화신로260번길 26 동민프라자 1층 103~107호,정,경기도 고양시 덕양구 화신로260번길 26 (화정동),4128112300109860000,126.83299184246974,37.6317164963432
한성대입구역점,서울특별시 성북구 삼선교로 12 1층,02-766-7951,서울특별시 성북구 삼선교로 12 1층,정,서울특별시 성북구 삼선교로 12 (삼선동1가),1129011100100250000,127.00714092368105,37.58758346670011
도곡동지오빌딩점,"서울특별시 강남구 도곡동 543-1, 지오빌딩 B1층",02-2058-3027,"서울특별시 강남구 도곡동 543-1, 지오빌딩 B1층",정,서울특별시 강남구 도곡동 543-1,1168011800105430001,127.04167507389889,37.492238892992695
강북구청앞점,"서울특별시 강북구 한천로 139길 25, 1층 일부 및 2층 (수유동 191-70)",02-994-8878,"서울특별시 강북구 한천로 139길 25, 1층 일부 및 2층 (수유동 191-70)",정,서울특별시 강북구 한천로139길 25 (수유동),1130510300101910070,127.02574001595846,37.639097239904295
잠원논현역점,서울시 서초구 신반포로47길 5 건물전체 1~3층,02-541-7404,서울특별시 서초구 신반포로47길 5 건물전체 1~3층,정,서울특별시 서초구 신반포로47길 5 (잠원동),1165010600100400004,127.01945183617569,37.510961276370914
응암동점,"서울시 은평구 은평로 121(응암동), 메디컬빌딩",02-389-6283,"서울특별시 은평구 은평로 121(응암동), 메디컬빌딩",정,서울특별시 은평구 은평로 121 (응암동),1138010700100890019,126.92109614926363,37.60044937388049
평택소사점,"경기도 평택시 평남로 862, 로이드빌딩 1층",031-692-2405,"경기도 평택시 평남로 862, 로이드빌딩 1층",정,경기도 평택시 평남로 862 (비전동),4122011800110900002,127.11146751340875,37.00048814131193
몽촌토성역점,"서울시 송파구 방이동 44-2, 장은빌딩 1층",02-2141-0407,"서울특별시 송파구 방이동 44-2, 장은빌딩 1층",정,서울특별시 송파구 방이동 44-2,1171011100100440002,127.11274929472069,37.516900370252166
송파파크하비오점,서울특별시 송파구 송파대로 111 송파파크하비오 205동 1층 110-113,02-449-6881,서울특별시 송파구 송파대로 111 송파파크하비오 205동 1층 110-113,정,"서울특별시 송파구 송파대로 111, 205동 (문정동)",1171010800106180618,127.12268936148882,37.48149008623631
위례2차아이파크점,서울시 송파구 위례광장로 230 위례2차 아이파크 B동 1층,02-449-9703,서울특별시 송파구 위례광장로 230 위례2차 아이파크 B동 1층,정,서울특별시 송파구 위례광장로 230 (장지동),1171010900108840000,127.14330950223443,37.47970177597389
강동경희대병원앞점,서울특별시 강동구 동남로 885 양지빌딩 1층,02-481-9938,서울특별시 강동구 동남로 885 양지빌딩 1층,정,서울특별시 강동구 동남로 885 (명일동),1174010100100480006,127.15597440956816,37.552629744752956
동교동삼거리점,서울특별시 마포구 양화로 196(동교동),02-336-9198,서울특별시 마포구 양화로 196(동교동),정,서울특별시 마포구 양화로 196 (동교동),1144012100101730016,126.92651797903436,37.55838925285021
문정동환인제약빌딩점,서울특별시 송파구 법원로6길 11 환인빌딩 1층,02-449-9569,서울특별시 송파구 법원로6길 11 환인빌딩 1층,정,서울특별시 송파구 법원로6길 11 (문정동),1171010800106510013,127.12219805626717,37.483647506087024
여의도SK증권빌딩점,서울특별시 영등포구 국제금융로8길31 여의도SK증권빌딩점 1층,02-6484-5150,서울특별시 영등포구 국제금융로8길31 여의도SK증권빌딩점 1층,정,서울특별시 영등포구 국제금융로8길 31 (여의도동),1156011000100450001,126.92806651440445,37.51974619599311
한티역디마크빌딩점,서울특별시 강남구 도곡로 408 디마크빌딩 1층,02-2052-6590,서울특별시 강남구 도곡로 408 디마크빌딩 1층,정,서울특별시 강남구 도곡로 408 (대치동),1168010600110240000,127.05522810465963,37.49660542922155
동탄능동DT점,"경기도 화성시 능동 453-4,453-8,454-1 소재 건물(1~3층)",031-267-4182,"경기도 화성시 능동 453-4,453-8,454-1 소재 건물(1~3층)",정,경기도 화성시 능동 453-4,4159011800104530004,127.05636239762613,37.21100069744987
논현201-5번지점,"서울특별시 강남구  강남대로112길 20 1층, 2층",02-541-9563,"서울특별시 강남구 강남대로112길 20 1층, 2층",정,서울특별시 강남구 강남대로112길 20 (논현동),1168010800102010005,127.02605330313796,37.50551359620505
수원인계DT점,경기도 수원시 팔달구 인계로79 (인계동),031-898-8818,경기도 수원시 팔달구 인계로79 (인계동),정,경기도 수원시 팔달구 인계로 79 (인계동),4111514100109670004,127.02647980827254,37.268873715615506
수원송죽DT점,경기도 수원시 장안구 경수대로 989,031-248-6086,경기도 수원시 장안구 경수대로 989,정,경기도 수원시 장안구 경수대로 989 (송죽동),4111113500104510024,127.00295312312018,37.30508996053627
송도트리플스트리트점,"인천 연수구 송도과학로 16번길 33-4 D동 119호,207호",032-310-9644,"인천광역시 연수구 송도과학로 16번길 33-4 D동 119호,207호",정,인천광역시 연수구 송도과학로16번길 33-4 (송도동),2818510600101760005,126.66279789852629,37.37868681577085
현대시티몰가든파이브점,서울특별시 송파구 충민로 66 가든파이브 라이프동 테크노관 1층,02-2673-2110,서울특별시 송파구 충민로 66 가든파이브 라이프동 테크노관 1층,정,서울특별시 송파구 충민로 66 (문정동),1171010800106340000,127.12511773737528,37.477716912575005
광명아브뉴프랑점,경기도 광명시 양지로16 아브뉴프랑 지하 2층 (주)커피빈코리아 광명아브뉴프랑점,02-899-7460,경기도 광명시 양지로16 아브뉴프랑 지하 2층 (주)커피빈코리아 광명아브뉴프랑점,정,경기도 광명시 양지로 16 (일직동),4121010600105130000,126.88102695463598,37.41624989746388
신용산역래미안점,서울시 용산구 한강대로95,02-2074-1049,서울특별시 용산구 한강대로95,정,서울특별시 용산구 한강대로 95 (한강로2가),1117012500104220000,126.96726299675927,37.52948264937955
부산서면점,부산 부산진구 서면로 62-1 에이스메디컬타워 1F,051-802-4282,부산 부산진구 서면로 62-1 에이스메디컬타워 1F,정,부산광역시 부산진구 서면로 62-1 (부전동),2623010300102560004,129.0580331645675,35.15630297129783
종로구청앞점,서울특별시 종로구 종로3길 34,02-739-6151,서울특별시 종로구 종로3길 34,정,서울특별시 종로구 종로3길 34 (청진동),1111012200101840001,126.97948135774345,37.57187479118258
분당차병원본관앞점,경기도 성남시 분당구 야탑로64 DS타워 1층,031-8017-8243,경기도 성남시 분당구 야탑로64 DS타워 1층,정,경기도 성남시 분당구 야탑로 64 (야탑동),4113510700105020000,127.12597178457683,37.40948488362311
선릉역3번출구세방빌딩점,서울특별시 강남구 선릉로 433 세방빌딩 1층,02-2051-9328,서울특별시 강남구 선릉로 433 세방빌딩 1층,정,서울특별시 강남구 선릉로 433 (역삼동),1168010100107080008,127.0489014581645,37.50376716402632
성균관대자연과학캠퍼스점,"경기 수원시 장안구 서부로 2066, 성균관대 자연과학 캠퍼스 N센터 1층",031-278-7640,"경기도 수원시 장안구 서부로 2066, 성균관대 자연과학 캠퍼스 N센터 1층",정,경기도 수원시 장안구 서부로 2066 (천천동),4111113300105850000,126.97223669268023,37.29332441483579
창원시티세븐점,"경상남도 창원시 성산구 원이대로 320, 더시티세븐S-105호(대원동)",055-600-5361,"경상남도 창원시 성산구 원이대로 320, 더시티세븐S-105호(대원동)",정,경상남도 창원시 성산구 원이대로 320 (대원동),4812313700101210000,128.65323539248578,35.2403691286713
종로센트로폴리스점,"서울시 종로구 우정국로 26 센트로폴리스 1층 Retail 1-5,6",02-6370-5845,"서울특별시 종로구 우정국로 26 센트로폴리스 1층 Retail 1-5,6",정,서울특별시 종로구 우정국로 26 (공평동),1111012700100170000,126.98353023932468,37.57168076697281
IFC MALL 3호점,서울시 영등포구 국제금융로10 IFC Mall L2(2층),02-6137-5056,서울특별시 영등포구 국제금융로10 IFC Mall L2(2층),정,서울특별시 영등포구 국제금융로 10 (여의도동),1156011000100230000,126.92593688056672,37.52505839670233
선정릉역점,서울시 강남구 봉은사로 331 SH빌딩점 B1-1층,02-2058-3028,서울특별시 강남구 봉은사로 331 SH빌딩점 B1-1층,정,서울특별시 강남구 봉은사로 331 (논현동),1168010800102780022,127.04297211744795,37.5102811367086
성남신흥점,경기도 성남시 수정구 수정로 190 (신흥동),031-759-6675,경기도 성남시 수정구 수정로 190 (신흥동),정,경기도 성남시 수정구 수정로 190 (신흥동),4113110100155040000,127.14097881809037,37.44342226277843
안양시청앞점,"경기도 안양시 동안구 시민대로 260, 1층 104,105호",031-5177-4770,"경기도 안양시 동안구 시민대로 260, 1층 104,105호",정,경기도 안양시 동안구 시민대로 260 (관양동),4117310200115910011,126.95941424596057,37.393507857286096
교대법원점,"서울 서초구 서초중앙로 156, 1층",02- 3664-7716,"서울특별시 서초구 서초중앙로 156, 1층",정,서울특별시 서초구 서초중앙로 156 (서초동),1165010800116990016,127.0135384318377,37.49563306037948
상수역점,"서울시 마포구 와우산로10길 3, 엘케이빌딩 1~3층",02-325-6804,"서울특별시 마포구 와우산로10길 3, 엘케이빌딩 1~3층",정,서울특별시 마포구 와우산로10길 3 (상수동),1144011500101430031,126.92318887038488,37.54811575951397
경희대점,서울시 동대문구 경희대로 10 (회기동),02-3295-4552,서울특별시 동대문구 경희대로 10 (회기동),정,서울특별시 동대문구 경희대로 10 (회기동),1123010800100160049,127.05266454265283,37.59240504209523
하남신세계백화점B1점,"경기도 하남시 미사대로 750, 신세계백화점 지하1층 식품관",031-8072-1641,"경기도 하남시 미사대로 750, 신세계백화점 지하1층 식품관",정,경기도 하남시 미사대로 750 (신장동),4145010600106160000,127.22393780575213,37.54541198157588
서초동점,서울특별시 서초구 반포대로70,02-3665-9507,서울특별시 서초구 반포대로70,정,서울특별시 서초구 반포대로 70 (서초동),1165010800115820012,127.0105432331028,37.48668755051576
이태원몬드리안호텔점,서울시 용산구 장문로 23 몬드리안 서울 이태원호텔 101호,02-3775-0548,서울특별시 용산구 장문로 23 몬드리안 서울 이태원호텔 101호,정,서울특별시 용산구 장문로 23 (이태원동),1117013000100220076,126.99311460766623,37.52855444717915
새문안로점,"서울특별시 종로구 새문안로 91 고려빌딩 1,2층",02-739-5806,"서울특별시 종로구 새문안로 91 고려빌딩 1,2층",정,서울특별시 종로구 새문안로 91 (신문로1가),1111012000100240000,126.97478175150178,37.570504260524025
파주DT점,경기도 파주시 문발로 131,031-8070-0028,경기도 파주시 문발로 131,정,경기도 파주시 문발로 131 (문발동),4148011500105300005,126.68621387782326,37.70632451172859
해운대센텀호텔점,부산 해운대구 센텀3로 20 해운대센텀호텔 1F 101호,051-743-5088,부산 해운대구 센텀3로 20 해운대센텀호텔 1F 101호,정,부산광역시 해운대구 센텀3로 20 (우동),2635010500115050000,129.13281767588384,35.16780742082623
부산남포역점,부산 중구 해관로 1 희남빌딩 1층,051-246-6284,부산 중구 해관로 1 희남빌딩 1층,정,부산광역시 중구 해관로 1 (동광동1가),2611011100100150000,129.0356856038466,35.09898111615911
선릉KSA한국표준협회점,서울시 강남구 테헤란로69길 5 DT센터점 1층,02-3141-7948,서울특별시 강남구 테헤란로69길 5 DT센터점 1층,정,서울특별시 강남구 테헤란로69길 5 (삼성동),1168010500101420026,127.05240292033015,37.50619479864001
김포장기DT점,경기도 김포시 태장로 819,031-987-0409,경기도 김포시 태장로 819,정,경기도 김포시 태장로 819 (장기동),4157010400120900002,126.67761375652212,37.63650427368322
영종도운서역점,"인천시 중구 신도시남로 142번길 6 (메가스타 영종 139,140,141호)",032-746-9822,"인천시 중구 신도시남로 142번길 6 (메가스타 영종 139,140,141호)",정,인천광역시 중구 신도시남로142번길 6 (운서동),2811014700128030001,126.49144433986034,37.49332036190679
대구228공원앞점,대구광역시 중구 동성로3길 106,053-421-7436,대구광역시 중구 동성로3길 106,정,대구광역시 중구 동성로3길 106 (공평동),2711012200100130003,128.5987809947234,35.86997501036843
부천북부역사거리점,경기도 부천시 부천로25,032-655-8954,경기도 부천시 부천로25,정,경기도 부천시 원미구 부천로 25 (심곡동),4119210200101770003,126.78282311847423,37.48668368612928
동대입구역점,"서울시 중구 장충동2가 188-11, 188-4, 188-5",02-2264-8247,"서울특별시 중구 장충동2가 188-11, 188-4, 188-5",정,서울특별시 중구 장충동2가 188-11,1114014400101880011,127.00522066264286,37.55973658752839
잠실향군타워점,서울특별시 송파구 올림픽로35길 123 1층,02-412-8812,서울특별시 송파구 올림픽로35길 123 1층,정,서울특별시 송파구 올림픽로35길 123 (신천동),1171010200100070029,127.10122355586117,37.516576930921296
부산화명수정역점,"부산광역시 북구 학사로 8  (화명동 2312), 크리스탈타워 2층 201~202호",051-361-3370,"부산광역시 북구 학사로 8 (화명동 2312), 크리스탈타워 2층 201~202호",정,부산광역시 북구 학사로 8 (화명동),2632010200123130000,129.00869966438674,35.22407427236726
화곡역점,서울시 강서구 강서로 162,02-766-7952,서울특별시 강서구 강서로 162,유,서울특별시 강서구 강서로 163 (화곡동),1150010300110750003,126.84033684375586,37.54120537789102
부산중앙역점,부산광역시 중구 중앙대로 102 팬오션빌딩 1F,051-466-8856,부산광역시 중구 중앙대로 102 팬오션빌딩 1F,정,부산광역시 중구 중앙대로 102 (중앙동4가),2611010700100830005,129.03651380349612,35.10681902089429
하나은행을지로본점,서울시 중구 을지로 35 하나은행 을지로본점 24F 내 스마트워크센터,02-338-9179,서울특별시 중구 을지로 35 하나은행 을지로본점 24F 내 스마트워크센터,정,서울특별시 중구 을지로 35 (을지로1가),1114010400101010001,126.98186619579936,37.56649098030629
수원AK플라자점,경기도 수원시 팔달구 덕영대로 924 AK플라자 4층,031-240-2246 ｜ 031-278-76,경기도 수원시 팔달구 덕영대로 924 AK플라자 4층,정,경기도 수원시 팔달구 덕영대로 924 (매산로1가),4111513400100180000,127.0001948404363,37.26556678766838
광주문화전당역점,광주광역시 동구 서남동 서석로 44 1층 ~ 2층,062-236-6591,광주광역시 동구 서남동 서석로 44 1층 ~ 2층,정,광주광역시 동구 서석로 44 (광산동),2911011300100770003,126.91839857170747,35.1466141546431
송파헬리오시티점,서울시 송파구 송파대로 345 ( 헬리오시티상가 3블럭 A동 B1층 22호 ),02-777-3363,서울특별시 송파구 송파대로 345 ( 헬리오시티상가 3블럭 A동 B1층 22호 ),정,서울특별시 송파구 송파대로 345 (가락동),1171010700109130000,127.11167297220254,37.49950477259019
용산아이파크몰점,"서울시 용산구 한강대로 23길 55, 아이파크몰 테이스트파크 7층",02-2012-0731,"서울특별시 용산구 한강대로 23길 55, 아이파크몰 테이스트파크 7층",정,서울특별시 용산구 한강대로23길 55 (한강로3가),1117012800100400999,126.96485222663301,37.529831633604346
광주봉선점,광주광역시 남구 봉선로 168,062-671-3371,광주광역시 남구 봉선로 168,정,광주광역시 남구 봉선로 168 (봉선동),2915511500101120000,126.91362452114032,35.122817544169294
남양주화도DT점,경기도 남양주시 경춘로 1641,031-591-2406,경기도 남양주시 경춘로 1641,정,경기도 남양주시 경춘로 1641 (화도읍),4136025622104110004,127.2736736341784,37.65405635914822
하나금융명동사옥점,서울시 중구 을지로 66 하나은행 명동사옥 1층,02-539-5174,서울특별시 중구 을지로 66 하나은행 명동사옥 1층,정,서울특별시 중구 을지로 66 (을지로2가),1114010500101810000,126.98494250953597,37.565555606306276
용인에버랜드점,경기도 용인시 처인구 포곡읍 가실리 156-1 (파크내 홀랜드빌리지 옆 암스테르담),031-334-0556,경기도 용인시 처인구 포곡읍 가실리 156-1 (파크내 홀랜드빌리지 옆 암스테르담),정,경기도 용인시 처인구 포곡읍 가실리 156-1,4146125026101560001,127.2003486519713,37.29034359976474
서초중앙로점,"서울시 서초구 서초중앙로 209, 해성빌딩 1층",02-537-2992,"서울특별시 서초구 서초중앙로 209, 해성빌딩 1층",정,서울특별시 서초구 서초중앙로 209 (반포동),1165010700100510007,127.0118191041707,37.50031534548291
수서역원방빌딩점,서울 강남구 광평로 51길 6-23 원방테크사옥 1층,02-3473-3830,서울특별시 강남구 광평로 51길 6-23 원방테크사옥 1층,정,서울특별시 강남구 광평로51길 6-23 (수서동),1168011500107170004,127.10411454507553,37.48878603411874
삼성루첸타워점,서울 강남구 대치동 943-2 루첸타워 1층 로비,02-994-8879,서울특별시 강남구 대치동 943-2 루첸타워 1층 로비,정,서울특별시 강남구 대치동 943-2,1168010600109430002,127.0587764786315,37.50706052431563
삼성본관빌딩점,서울특별시 중구 세종대로 67 삼성 본관빌딩 1층 후문 로비 일부,02-720-5561,서울특별시 중구 세종대로 67 삼성 본관빌딩 1층 후문 로비 일부,정,서울특별시 중구 세종대로 67 (태평로2가),1114011400102500000,126.97553158817678,37.562315896105964
서울시청점,서울특별시 중구 무교로 12(무교동) 정오빌딩 1층,02-420-0386,서울특별시 중구 무교로 12(무교동) 정오빌딩 1층,정,서울특별시 중구 무교로 12 (무교동),1114010100100210003,126.97937573968377,37.56704636998531
논현역8번출구점,서울시 서초구 강남대로 563 페이토플라자 1층 ( 잠원동 37-1 ),02-755-3301,서울특별시 서초구 강남대로 563 페이토플라자 1층 ( 잠원동 37-1 ),정,서울특별시 서초구 강남대로 563 (잠원동),1165010600100370001,127.02042486762487,37.51193973542649
부천스타필드시티점,경기도 부천시 옥길동 768 부천스타필드시티점 4층,02-6386-1423,경기도 부천시 옥길동 768 부천스타필드시티점 4층,정,경기도 부천시 소사구 옥길동 768,4119410600107680000,126.81396274645229,37.46149504797469
일산동구청점,경기도 고양시 일산동구 정발산로 38,031-903-3989,경기도 고양시 일산동구 정발산로 38,정,경기도 고양시 일산동구 정발산로 38 (장항동),4128510400108550000,126.77313680761783,37.65670592047201
천안신부동점,충남 천안시 동남구 만남로 48,041-566-0718,충청남도 천안시 동남구 만남로 48,정,충청남도 천안시 동남구 만남로 48 (신부동),4413111800104620005,127.15738740506343,36.81861211039096
청계천을지로점,서울 중구 남대문로10길 33 1F,02-723-1771,서울특별시 중구 남대문로10길 33 1F,유,서울특별시 중구 남대문로10길 33 (삼각동),1114010700100300001,126.98450792943368,37.5678050114065
혜화역점,서울시 종로구 대명길 5,02-745-9471,서울특별시 종로구 대명길 5,정,서울특별시 종로구 대명길 5 (명륜4가),1111017200100070000,127.00115398707923,37.58352129561833
안양LS타워점,경기도 안양시 동안구 엘에스로 127 1층,031-429-9650,경기도 안양시 동안구 엘에스로 127 1층,정,경기도 안양시 동안구 엘에스로 127 (호계동),4117310400110260006,126.94717457986671,37.37241112884654
용인역북점,경기도 용인시 처인구 역북동 598-7,031-323-6886,경기도 용인시 처인구 역북동 598-7,정,경기도 용인시 처인구 역북동 598-7,4146110200105980007,127.18843577554324,37.22964846670776
KB국민은행노원역점,"서울시 노원구 동일로 1405, 1층 일부",02-930-9486,"서울특별시 노원구 동일로 1405, 1층 일부",정,서울특별시 노원구 동일로 1405 (상계동),1135010500107310005,127.06020952700705,37.65380585553933
상암SBS프리즘타워점,서울 마포구 상암산로 82 SBS 프리즘 타워 1층 로비,02-562-9605,서울특별시 마포구 상암산로 82 SBS 프리즘 타워 1층 로비,정,서울특별시 마포구 상암산로 82 (상암동),1144012700116070001,126.89277394675159,37.57971592230447
압구정로데오2호점,서울특별시 강남구 선릉로 157길 22 2층,02-3444-9973,서울특별시 강남구 선릉로 157길 22 2층,정,서울특별시 강남구 선릉로157길 22 (신사동),1168010700106630005,127.0381836141286,37.52632626492256
동탄타임테라스점,경기도 화성시 동탄중앙로220 타임테라스A 블록 1층 110호-1호,031-613-7684,경기도 화성시 동탄중앙로220 타임테라스A 블록 1층 110호-1호,정,경기도 화성시 동탄중앙로 220 (반송동),4159012700100960000,127.06928118094474,37.20484686883967
진주LH본사점,경남 진주시 충의로 19 LH진주사옥 공감동 1층,055-763-3520,경상남도 진주시 충의로 19 LH진주사옥 공감동 1층,정,경상남도 진주시 충의로 19 (충무공동),4817013700102270002,128.1457689019285,35.17816977490181
제주애월DT점,제주도 제주시 애월읍 애월해안로 560,064-799-3670,제주특별자치도 제주시 애월읍 애월해안로 560,정,제주특별자치도 제주시 애월해안로 560 (애월읍),5011025326127280001,126.36348089979965,33.47826890957203
제주아라점,제주도 제주시 연북로 511,064-758-1194,제주특별자치도 제주시 연북로 511,정,제주특별자치도 제주시 연북로 511 (아라일동),5011011700125030000,126.53453479563103,33.48448025927657
고대안암병원신관점,서울특별시 성북구 고려대로 73,02-544-6823,서울특별시 성북구 고려대로 73,정,서울특별시 성북구 고려대로 73 (안암동5가),1129012500101260001,127.02624653553656,37.5873770785197
명동거리점,서울시 중구 명동 10길 52 명동역 신한은행 사옥 1층,02-522-7158,서울특별시 중구 명동 10길 52 명동역 신한은행 사옥 1층,정,서울특별시 중구 명동10길 52 (충무로2가),1114012500100650004,126.98570265702222,37.561471062822825
성균관대법학관점,서울시 종로구 성균관로 25-2 성균관대학교 법학관 B2,02-740-1958,서울특별시 종로구 성균관로 25-2 성균관대학교 법학관 B2,정,서울특별시 종로구 성균관로 25-2 (명륜3가),1111017300100530021,126.99229055913602,37.58916714808594
종로YBM별관점,서울시 종로구 종로 98 1층,02-402-3571,서울특별시 종로구 종로 98 1층,정,서울특별시 종로구 종로 98 (종로2가),1111013800100560015,126.98838861289215,37.569905651955594